userId,firstName,lastName,gender,email,state,country,phone,ipAddress
1,Dorette,Burbidge,Male,dburbidge0@japanpost.jp,Ohio,US,834-424-8856,59.146.136.204
2,Farley,Mongenot,Female,fmulryan1@adobe.com,Virginia,US,586-213-7447,125.42.199.194
3,Aileen,Diggens,Male,adiggens2@chron.com,Ohio,US,414-618-9307,186.168.99.84
4,Milissent,Lyokhin,Female,mmacairt3@fastcompany.com,Virginia,US,289-923-3928,209.186.131.167
5,Kienan,Stanway,Male,kstanway4@lycos.com,Kentucky,US,185-726-4318,176.186.239.197
6,Brandie,Schimonek,Male,bscollick5@macromedia.com,Kentucky,US,574-326-7989,127.158.155.26
7,Englebert,Peaseman,Female,epeaseman6@vkontakte.ru,Virginia,US,298-983-5834,211.6.192.145
8,Katina,Craker,Female,kcraker7@tumblr.com,Ohio,US,103-221-8119,115.226.228.22
9,Nissie,Smewing,Male,nsmewing8@state.tx.us,Kentucky,US,721-573-0606,41.118.231.4
10,Skipton,Meco,Female,smeco9@independent.co.uk,Virginia,US,725-521-6886,240.251.232.0
11,Lucais,Stoite,Male,lstoitea@cocolog-nifty.com,Kentucky,US,177-292-2353,18.87.25.172
12,Shalne,Sopp,Male,ssoppb@sitemeter.com,Kentucky,US,800-873-8514,213.130.219.85
13,Dorelle,Sighart,Male,dsighartc@lulu.com,Kentucky,US,159-638-0739,13.188.234.179
14,Marcia,Imesson,Female,mingreyd@skyrock.com,New York,US,161-111-0795,67.204.43.20
15,Germain,O'Hartnedy,Male,gohartnedye@alexa.com,Virginia,US,659-226-6776,43.238.26.237
16,Herve,Coupland,Male,hcouplandf@t.co,Ohio,US,274-512-9316,204.39.82.152
17,Iggy,Duffett,Male,iduffettg@weibo.com,Ohio,US,955-528-9097,117.27.212.10
18,Fernando,Blewett,Male,fblewetth@storify.com,Washington,US,848-844-6148,2.238.236.187
19,Phylis,Butterfill,Female,pbutterfilli@harvard.edu,Ohio,US,227-656-2131,72.148.188.249
20,Oates,Lorente,Female,olorentej@mac.com,Virginia,US,718-254-3538,14.207.210.190
21,Jade,Storey,Female,jstoreyk@ucoz.com,Kentucky,US,413-925-9548,197.52.227.109
22,Malcolm,Woollhead,Female,mwoollheadl@wufoo.com,Illinois,US,333-290-6488,159.57.100.205
23,Amabelle,Fenning,Male,afenningm@merriam-webster.com,Connecticut,US,666-566-9060,213.71.217.250
24,Leese,Absolem,Female,ladvanin@github.com,New Jersey,US,329-179-2858,133.198.156.5
25,Barris,Keemar,Male,bkillfordo@godaddy.com,New York,US,876-599-0692,167.40.189.45
26,Leigh,Standish,Female,lstandishp@purevolume.com,Kentucky,US,184-415-3324,91.64.31.217
27,Zitella,Cousins,Female,zcousinsq@creativecommons.org,Ohio,US,212-327-2150,187.24.225.33
28,Tarrah,Caw,Female,tcawr@symantec.com,Ohio,US,456-113-5728,12.213.27.177
29,Robbyn,McLugish,Male,rmclugishs@nhs.uk,Virginia,US,656-336-5037,129.217.216.3
30,Jard,Dilke,Male,jdilket@msn.com,Ohio,US,928-275-9801,174.9.170.69
31,Rodney,Thornborrow,Female,rthornborrowu@hatena.ne.jp,Kentucky,US,237-910-2160,75.71.60.45
32,Jacquelynn,Steely,Male,jsteelyv@census.gov,Kentucky,US,472-739-8553,237.78.240.98
33,Margie,Eunson,Female,meunsonw@mysql.com,Ohio,US,672-740-4029,66.241.101.8
34,Flo,Chalcraft,Male,fchiversx@bizjournals.com,Ohio,US,523-716-4152,51.49.92.51
35,Penni,Rigmand,Male,promagnosiy@rakuten.co.jp,California,US,496-963-8223,229.123.59.184
36,Jobye,Maycey,Male,jmcalindenz@ezinearticles.com,Virginia,US,288-901-6801,29.221.147.16
37,Cynthie,Fackney,Male,cfelder10@bizjournals.com,Ohio,US,405-865-4232,192.54.162.135
38,Merline,Gemeau,Female,mgemeau11@constantcontact.com,Connecticut,US,616-123-4872,253.112.190.4
39,Artair,Le Quesne,Female,alenoir12@eventbrite.com,Virginia,US,516-449-4080,103.186.31.19
40,Robyn,Haskett,Female,rhaskett13@pbs.org,New York,US,124-625-6492,58.190.219.73
41,Barnaby,Sidlow,Male,bsidlow14@cam.ac.uk,Kentucky,US,543-355-9069,217.185.209.63
42,Gris,Paulsen,Female,gpaulsen15@tamu.edu,Virginia,US,675-181-2809,222.167.167.43
43,Sibbie,Penylton,Female,spenylton16@kickstarter.com,California,US,158-300-9743,75.52.208.182
44,Jobey,Dugmore,Female,jdugmore17@sourceforge.net,Ohio,US,518-226-9838,158.195.29.66
45,Meg,Skurm,Male,mskurm18@trellian.com,Kentucky,US,905-137-4325,239.12.128.34
46,Trish,Bartolomieu,Male,tbartolomieu19@a8.net,Texas,US,505-725-7346,241.35.176.246
47,Cornell,Keatch,Male,ckeatch1a@dropbox.com,New York,US,744-590-7472,208.5.216.124
48,Ulla,Brownstein,Male,ubrownstein1b@eventbrite.com,Washington,US,125-967-2999,193.127.239.19
49,Cindie,Betjeman,Female,cbetjeman1c@e-recht24.de,Washington,US,365-846-8886,123.168.84.162
50,Royal,Brocking,Male,rbrocking1d@army.mil,Washington,US,706-845-9984,70.161.66.15
51,Shirlene,Borres,Female,sbortoloni1e@tiny.cc,Washington,US,141-914-4106,16.129.236.37
52,Anitra,Hawkslee,Male,ahawkslee1f@g.co,New York,US,969-846-5443,117.187.248.143
53,Bobbe,Wittering,Female,bwittering1g@surveymonkey.com,Illinois,US,280-756-7921,215.150.219.99
54,Gardiner,Dudman,Male,gdudman1h@newyorker.com,Ohio,US,698-447-0150,192.244.162.212
55,Ingrim,De Mars,Male,idenkel1i@4shared.com,Ohio,US,702-239-2465,35.42.26.101
56,Tiffanie,Van der Kruys,Female,tvanderkruys1j@clickbank.net,Illinois,US,458-551-4667,133.89.153.117
57,Lanette,Laughtisse,Female,llaughtisse1k@elegantthemes.com,Virginia,US,893-928-1059,158.239.246.83
58,Emmit,Coveny,Female,ecoveny1l@mozilla.com,Ohio,US,165-476-7973,164.231.88.82
59,Audrie,Privett,Male,aprivett1m@tripod.com,California,US,608-561-5337,76.107.108.146
60,Liese,Absolem,Female,aainslie1n@studiopress.com,New Jersey,US,724-930-9130,133.198.156.5
61,Far,Teape,Male,fteape1o@deliciousdays.com,Kentucky,US,304-772-9632,7.134.125.206
62,Vaughn,Domsalla,Male,vdomsalla1p@globo.com,Ohio,US,104-243-3845,247.19.46.94
63,Andriana,Gare,Female,agare1q@disqus.com,Connecticut,US,408-592-1668,83.18.132.84
64,Nanete,Blaxland,Male,nblaxland1r@jalbum.net,Washington,US,888-403-8950,2.238.236.186
65,Storm,MacRorie,Female,smangeney1s@clickbank.net,Virginia,US,573-424-0861,149.178.224.218
66,Eal,Grombridge,Female,ehakey1t@livejournal.com,New York,US,629-915-4262,70.93.192.173
67,Had,Sandford,Female,hsandford1u@cbslocal.com,Kentucky,US,784-309-4870,131.6.158.32
68,Bertie,Chalcraft,Male,bclayworth1v@rakuten.co.jp,Ohio,US,221-732-1603,209.255.88.64
69,Holly,Applegarth,Male,harmfirld1w@rambler.ru,Nevada,US,918-828-5154,199.231.127.16
70,Hansiain,Martindale,Male,hmartindale1x@blog.com,Virginia,US,204-836-6340,113.167.208.148
71,Sebastien,Gleadhall,Female,sgleadhall1y@ameblo.jp,Connecticut,US,131-420-6265,73.42.187.184
72,Michaela,O'Shevlan,Male,moshevlan1z@lycos.com,Virginia,US,363-865-2127,203.248.198.141
73,Aguste,Wakeling,Male,awickling20@imageshack.us,Illinois,US,618-266-6516,159.20.53.178
74,Kara-lynn,Oswal,Male,koswal21@amazon.co.jp,Virginia,US,312-849-1941,138.127.11.128
75,Ladonna,Annott,Female,lannott22@xinhuanet.com,Nevada,US,521-674-0660,155.215.120.214
76,Adrianna,Edleston,Male,aedleston23@ibm.com,Ohio,US,185-425-5949,42.130.137.194
77,Kylie,Gilderoy,Female,kgillooly24@cargocollective.com,Connecticut,US,842-950-9668,165.95.27.225
78,Wilton,Mulvey,Female,wmulvey25@163.com,Virginia,US,242-234-8723,170.73.240.36
79,Earlie,Applegarth,Female,eashby26@google.com.br,Nevada,US,183-810-3443,199.231.127.16
80,Missie,Conybear,Male,mconybear27@nifty.com,Ohio,US,727-292-9346,219.8.210.108
81,Kylie,Purnell,Male,kpurnell28@cnn.com,California,US,468-553-4205,78.189.244.187
82,Kayla,Pignon,Female,kpignon29@mac.com,California,US,221-614-4115,126.104.70.60
83,Sephira,Swane,Male,standy2a@tinypic.com,Kentucky,US,320-814-7666,247.145.254.234
84,Courtenay,Covert,Female,ccovert2b@i2i.jp,Ohio,US,175-252-1115,160.206.30.151
85,Hasty,Eddolls,Male,heddolls2c@vinaora.com,Ohio,US,444-631-9231,151.128.197.39
86,Ganny,Soot,Male,gsoot2d@howstuffworks.com,Kentucky,US,979-976-4722,176.23.137.157
87,Quinlan,Tiller,Female,qtiller2e@wp.com,Kentucky,US,700-975-1017,131.11.212.131
88,Nellie,Grellier,Male,ngrellier2f@rakuten.co.jp,New York,US,257-669-0011,155.49.100.248
89,Anna-diana,Dwerryhouse,Female,adwerryhouse2g@oakley.com,Ohio,US,986-819-7086,13.251.243.140
90,Dev,Marrion,Female,dmarrion2h@skype.com,Virginia,US,582-737-3983,29.65.29.154
91,Tova,Canton,Female,tcanton2i@surveymonkey.com,Ohio,US,133-749-0749,97.184.66.51
92,Maxy,Gershom,Female,mgershom2j@51.la,Connecticut,US,951-605-5344,131.161.93.251
93,Ceil,Tharme,Male,ctharme2k@vinaora.com,Kentucky,US,902-667-5186,65.89.248.73
94,Gerard,Toy,Male,gtoy2l@army.mil,Kentucky,US,563-467-7369,126.181.129.15
95,Ruby,Simonou,Male,rsimonou2m@squarespace.com,Kentucky,US,767-540-2782,98.198.208.16
96,Dane,Tremayle,Female,dtremayle2n@un.org,Kentucky,US,616-352-3588,43.252.141.52
97,Edgardo,Grombridge,Male,cgrombridge92@miibeian.gov.cn,New York,US,403-342-5761,239.56.155.50
98,Rosalinda,Ferrari,Male,rferrari2p@bbb.org,Connecticut,US,731-996-9488,152.145.204.236
99,Sheeree,Ojeda,Male,sosheeryne2q@mit.edu,Virginia,US,708-988-1869,246.88.70.230
100,Christopher,Cowmeadow,Female,ccowmeadow2r@hugedomains.com,Ohio,US,841-166-2763,124.182.186.182
101,Geralda,Wiltsher,Male,gwiltsher2s@telegraph.co.uk,Illinois,US,999-192-0716,159.20.53.180
102,Duff,Kleiser,Male,dkyngdon2t@bloomberg.com,New York,US,602-136-8892,232.222.5.100
103,Robbert,Daton,Male,rdaton2u@google.co.jp,Ohio,US,806-470-3984,38.38.254.141
104,Nicol,Chalcraft,Male,nchristene2v@wufoo.com,Ohio,US,669-604-6453,209.255.88.64
105,Granville,Maycey,Male,gmcgall2w@weather.com,Virginia,US,770-932-2873,170.141.151.111
106,Bar,O'Hear,Female,bohear2x@feedburner.com,Virginia,US,137-180-7754,176.65.4.38
107,Tiffie,Utley,Male,tutley2y@aol.com,Illinois,US,742-340-2882,193.6.4.227
108,Tobin,Vassman,Female,tvassman2z@opera.com,Illinois,US,814-807-2768,210.125.140.59
109,Petey,Swane,Female,psyder30@twitter.com,Kentucky,US,991-647-6916,247.145.254.232
110,Husein,Woolam,Male,hwoolam31@yellowpages.com,Illinois,US,911-815-3254,215.150.219.100
111,Rebecca,Riddall,Male,rriddall32@tmall.com,California,US,468-739-8967,51.219.169.246
112,Josepha,Mewis,Female,jmewis33@tripadvisor.com,Virginia,US,531-269-6118,222.96.0.69
113,Ingram,Sandhill,Male,isandhill34@google.com.br,Kentucky,US,552-593-2182,16.22.73.183
114,Izzy,Quinion,Male,iquinion35@google.fr,California,US,138-970-8095,170.46.3.164
115,Dunstan,Skett,Female,dskett36@ihg.com,Kentucky,US,179-438-1865,247.102.11.221
116,Ronda,Skilling,Female,rskilling37@bbc.co.uk,Kentucky,US,765-863-9401,237.121.93.144
117,Adrienne,Brocklehurst,Male,abrocklehurst38@privacy.gov.au,Washington,US,612-398-5786,218.252.159.50
118,Chiquita,Nann,Male,cnann39@php.net,Virginia,US,679-882-9116,9.192.112.4
119,Findley,Sattin,Female,fsattin3a@cloudflare.com,Kentucky,US,851-656-1467,56.205.177.201
120,Odelia,Heynen,Female,oheynen3b@columbia.edu,New York,US,966-590-7139,211.144.137.225
121,Lisetta,Kitchinham,Female,lkitchinham3c@goo.ne.jp,New York,US,358-355-8928,79.32.210.82
122,Glen,Vertigan,Male,gvertigan3d@google.co.uk,Illinois,US,536-511-4086,12.151.100.39
123,Zackariah,Digger,Female,zdigger3e@businesswire.com,Ohio,US,994-744-8343,179.19.54.255
124,Enrika,Durnan,Female,edurnan3f@dell.com,Ohio,US,156-386-0957,125.43.142.80
125,Jeddy,Pawelski,Male,jpawelski3g@buzzfeed.com,Virginia,US,460-485-0054,213.199.200.28
126,Ross,Creaser,Female,rcreaser3h@wix.com,Ohio,US,879-699-2700,92.177.144.216
127,Isabelle,Beadnall,Male,ibeadnall3i@oakley.com,Texas,US,711-371-6200,34.12.66.72
128,Madelaine,Kleinmintz,Female,mkleinmintz3j@zimbio.com,New York,US,320-553-8783,34.125.169.209
129,Beret,MacRinn,Male,bmacrinn3k@cmu.edu,Virginia,US,662-260-2209,176.33.12.236
130,Wolfie,MacRorie,Female,wmagor3l@blogtalkradio.com,Virginia,US,339-235-3509,149.178.224.218
131,Eda,Shee,Male,eshee3m@ft.com,Kentucky,US,928-576-3235,198.72.115.5
132,Dallas,Kleinert,Male,dkleinert3n@buzzfeed.com,New York,US,105-543-7053,48.77.11.95
133,Ibrahim,Loblie,Male,iloblie3o@tripadvisor.com,Virginia,US,643-554-4382,52.41.16.77
134,Adamo,Sowley,Female,aspoor3p@a8.net,Kentucky,US,918-597-6597,163.107.178.72
135,Alexis,Rigmand,Male,aroisen3q@bloglovin.com,California,US,428-112-3184,229.123.59.183
136,Vanya,Kisar,Female,vkisar3r@sphinn.com,New York,US,941-352-5845,196.229.114.202
137,Vilma,De Mars,Female,vdemars3s@is.gd,Ohio,US,827-474-4596,15.250.123.170
138,Wandis,Blewett,Male,wboam3t@wired.com,Washington,US,655-269-4581,2.238.236.189
139,Harlie,Berrow,Male,hberrow3u@purevolume.com,Washington,US,144-552-5755,161.115.13.234
140,Arne,Colwell,Female,acolwell3v@businessweek.com,Ohio,US,792-780-3997,54.198.113.41
141,Alexis,Erdes,Female,aerdes3w@mapquest.com,Ohio,US,839-326-4329,230.96.164.39
142,Doyle,Wakeling,Male,dweale3x@boston.com,Illinois,US,187-795-7452,159.20.53.178
143,Laina,Francescone,Female,lganforth3y@nih.gov,Connecticut,US,478-393-7288,55.238.98.193
144,Merola,Sheekey,Male,msheekey3z@businessinsider.com,Kentucky,US,354-643-3784,88.57.83.172
145,Lennie,Cowwell,Male,lcowwell40@washington.edu,Ohio,US,512-405-7051,125.20.59.29
146,Gillie,Gianolini,Female,ggianolini41@tripod.com,Connecticut,US,212-819-5067,151.106.192.11
147,Abbie,Swane,Female,asybbe42@tripod.com,Kentucky,US,312-373-8139,247.145.254.231
148,Pammi,Von Der Empten,Female,pvonderempten43@cbslocal.com,Illinois,US,291-516-8324,143.29.173.234
149,Mella,Curr,Female,mcurr44@opensource.org,Ohio,US,914-798-6357,129.42.246.203
150,Margo,Chalcot,Female,mchalcot45@bluehost.com,Ohio,US,122-919-2168,222.65.45.114
151,Judd,Pedrocco,Male,jpenritt46@pcworld.com,Virginia,US,102-383-0081,5.46.227.169
152,Devin,Torrese,Female,dtorrese47@imdb.com,Kentucky,US,106-458-4194,189.245.196.108
153,Carr,Keemar,Female,ckeemar48@wikimedia.org,New York,US,382-816-6514,169.230.198.192
154,Caria,Ridwood,Male,cridwood49@wordpress.org,California,US,874-344-9929,5.4.190.250
155,Gunner,Middlemass,Female,gmiddlemass4a@printfriendly.com,Virginia,US,657-352-0132,188.82.92.232
156,Korney,Rigmand,Male,krigmand4b@barnesandnoble.com,California,US,407-265-7398,229.123.59.182
157,Leesa,De Lisle,Female,ldelisle4c@fema.gov,Ohio,US,176-574-9359,219.215.23.8
158,Quinn,Francescone,Female,qfrancescone4d@tripod.com,Connecticut,US,198-872-3177,75.111.106.145
159,Wayland,Wroath,Female,wwroath4e@yandex.ru,Illinois,US,987-818-0517,54.222.184.173
160,Ardelia,Meany,Female,ameany4f@shinystat.com,Virginia,US,790-423-2977,183.116.204.176
161,Ondrea,Garnsey,Male,ogarnsey4g@blogtalkradio.com,Connecticut,US,281-990-8494,212.228.171.86
162,Hort,Benian,Female,hbenian6h@dmoz.org,Texas,US,758-188-8638,120.81.160.131
163,Sanson,Berrisford,Female,sberrisford4i@seesaa.net,Washington,US,734-689-1559,42.58.139.87
164,Hussein,D,Female,hdanielovitch4j@tinypic.com,Ohio,US,780-206-6658,140.53.226.88
165,Zerk,Battaille,Male,zbattaille4k@ted.com,Texas,US,205-497-4522,75.55.81.251
166,Porty,Aartsen,Male,paartsen4l@nifty.com,New Jersey,US,189-407-8226,101.37.174.75
167,Albina,O'Corrane,Female,aocorrane4m@jugem.jp,Virginia,US,835-407-1211,41.13.181.48
168,Tadio,Tripcony,Female,ttripcony4n@spotify.com,Illinois,US,160-423-6736,234.133.54.126
169,Caren,MacRannell,Male,cmacrannell4o@cafepress.com,Virginia,US,850-460-6627,41.189.105.206
170,Mercedes,Dakin,Male,mdakin4p@digg.com,Ohio,US,468-754-1288,148.182.187.25
171,Keary,Wilton,Female,kwilton4q@storify.com,Illinois,US,573-841-3637,159.20.53.179
172,Pietro,Lawrence,Female,plawrence4r@fda.gov,Virginia,US,573-251-1815,239.41.146.75
173,Yehudi,Fackney,Female,yfackney4s@51.la,Ohio,US,516-553-5653,27.215.71.150
174,Stearn,Branthwaite,Male,sbranthwaite4t@google.fr,Washington,US,362-689-2795,237.17.123.33
175,Danice,Ranald,Male,dranald4u@symantec.com,California,US,983-712-8130,64.0.167.12
176,Hermann,Conybear,Female,hcopnar4v@istockphoto.com,Ohio,US,677-549-5392,12.21.98.210
177,Darlleen,Wilstead,Female,dwilstead4w@hp.com,Illinois,US,526-664-9540,159.20.53.178
178,Curcio,Thurman,Male,cthurman4x@ft.com,Kentucky,US,436-567-3267,127.212.91.83
179,Deni,Jest,Female,djest4y@typepad.com,New York,US,451-615-8955,238.110.91.23
180,Bobbe,Sowley,Male,bsparshett4z@histats.com,Kentucky,US,269-804-0412,163.107.178.72
181,Brandyn,Wiper,Female,bwiper50@utexas.edu,Illinois,US,754-669-7984,215.150.219.97
182,Tiena,Reiner,Male,treiner51@fc2.com,California,US,739-771-0548,38.59.206.106
183,Ursuline,Wroath,Male,uwrotham52@istockphoto.com,Illinois,US,794-874-3903,54.222.184.173
184,Cheri,Goldsbury,Female,cgoldsbury53@unc.edu,Connecticut,US,988-258-5660,245.86.127.99
185,Tamiko,Pinnigar,Male,tpinnigar54@amazon.de,California,US,911-201-1881,81.222.159.247
186,Jacquelyn,De Caville,Male,jdecaville55@goo.gl,Ohio,US,339-320-0246,137.138.62.27
187,Tamiko,Le Quesne,Male,tlill56@bloglovin.com,Virginia,US,270-324-3713,103.186.31.19
188,Roseanna,Wakeling,Female,rwatsham57@archive.org,Illinois,US,224-734-2642,159.20.53.178
189,Justino,Gapp,Female,jgapp58@jimdo.com,Connecticut,US,333-390-8219,47.70.132.177
190,Reinaldos,Laughnan,Female,rlaughnan59@abc.net.au,Virginia,US,401-477-7599,142.77.29.58
191,Ruddy,Shadfourth,Female,rshadfourth5a@blogger.com,Kentucky,US,797-630-8601,124.144.104.140
192,Perceval,Pilbury,Female,ppilbury5b@flickr.com,California,US,247-100-8122,193.250.194.86
193,Klarrisa,Absolem,Male,aainslie1n@studiopress.com,New Jersey,US,819-222-8412,133.198.156.5
194,Burl,Applegarth,Female,bapplegarth5d@walmart.com,Nevada,US,419-647-1486,199.231.127.16
195,Justinn,Hunter,Female,jhunter5e@exblog.jp,New York,US,627-360-9792,172.8.77.237
196,Zebulon,Rigmand,Male,zrosenau5f@newsvine.com,California,US,205-316-4859,229.123.59.185
197,Pennie,Alldre,Female,palldre5g@slideshare.net,Nevada,US,167-403-3288,33.91.127.223
198,Arleta,Trinbey,Female,atrinbey5h@123-reg.co.uk,Illinois,US,368-649-8517,185.189.7.242
199,Enoch,Zorn,Male,ezorn5i@topsy.com,Illinois,US,632-196-3884,54.222.184.175
200,Steffie,Hebard,Male,shebard5j@skype.com,New York,US,852-286-0765,237.209.138.147
201,Nert,Picopp,Female,npicopp5k@tiny.cc,California,US,625-988-1591,202.242.91.99
202,Honoria,Jeffels,Male,hjeffels5l@scribd.com,New York,US,841-620-5727,62.215.80.193
203,Stace,Hathorn,Male,shathorn5m@disqus.com,New York,US,584-356-2802,121.36.99.113
204,Eadie,Ickovic,Male,eickovic5n@usda.gov,New York,US,478-902-1537,181.50.218.49
205,Gina,Le Quesne,Female,gleaming5o@wordpress.org,Virginia,US,377-942-5708,44.48.215.97
206,Minni,De Mars,Male,mdeldello5p@parallels.com,Ohio,US,830-422-5348,15.250.123.170
207,Glennis,Mongenot,Female,gmongenot5q@sourceforge.net,Virginia,US,686-229-4371,210.193.25.55
208,Pauletta,Allardyce,Female,pallardyce5r@state.tx.us,New Jersey,US,570-322-2630,133.198.156.8
209,Angie,O'Currane,Male,aocurrane5s@shop-pro.jp,Virginia,US,293-779-0545,92.195.241.143
210,Phyl,Butterfill,Female,pbutterfilli@hotmail.com,Ohio,US,227-656-2131,72.148.188.249
211,Darcey,Gherardelli,Male,dgherardelli5u@so-net.ne.jp,Connecticut,US,382-590-3742,165.160.176.169
212,Wilhelmine,Shadbolt,Female,wshadbolt5v@elpais.com,Kentucky,US,339-920-1530,65.24.225.161
213,Reid,Simon,Male,rsimon5w@fc2.com,Kentucky,US,484-908-6393,103.20.205.198
214,Rebe,Aumerle,Female,raumerle5x@vinaora.com,Nevada,US,644-544-4031,199.231.127.18
215,Starlin,Stachini,Male,sstachini5y@psu.edu,Kentucky,US,264-184-3074,234.46.237.92
216,Chantal,Kleiser,Female,clanglois5z@sun.com,New York,US,838-765-8770,232.222.5.100
217,Ginny,Rigmand,Female,growney60@sphinn.com,California,US,523-825-6549,46.117.18.180
218,Terrie,Aird,Female,taird61@ucoz.ru,New Jersey,US,362-261-8916,133.198.156.6
219,Sadella,Czaja,Male,sczaja62@yelp.com,Ohio,US,844-776-8615,14.194.148.232
220,Morey,Maycey,Male,mmaycey63@techcrunch.com,Virginia,US,952-372-0722,29.221.147.15
221,Joela,Scapens,Male,jscapens64@free.fr,Kentucky,US,851-770-7479,66.156.105.206
222,Glenn,Mongenot,Female,gmongenot5q@ms.com,Virginia,US,686-229-4371,125.42.199.193
223,Charmian,Kleiser,Female,ckondratenya66@friendfeed.com,New York,US,841-755-6758,196.204.98.140
224,Karia,Connochie,Male,kconnochie67@google.com.hk,Ohio,US,867-563-6684,205.168.159.115
225,Morie,Kirrage,Male,mkirrage68@vk.com,New York,US,105-282-7660,170.10.198.43
226,Devonne,Imesson,Male,disles69@disqus.com,New York,US,776-268-0038,79.32.210.82
227,Augy,Cattel,Female,acattel6a@phpbb.com,Ohio,US,251-807-6667,136.24.17.112
228,Maxine,Francescone,Male,mgable6b@feedburner.com,Connecticut,US,506-236-3932,75.111.106.145
229,Gauthier,Fackney,Female,gfaithfull6c@infoseek.co.jp,Ohio,US,462-832-3949,192.54.162.135
230,Thomasina,Dobbins,Male,tdobbins6d@miibeian.gov.cn,Ohio,US,877-567-9135,144.164.175.110
231,Heda,Maycey,Female,hmccosker6e@discovery.com,Virginia,US,306-383-6622,29.221.147.18
232,Nadine,Garnsey,Female,ngarvill6f@state.tx.us,Connecticut,US,653-688-1978,212.228.171.86
233,Danyette,Pinnigar,Female,dpoulson6g@columbia.edu,California,US,638-194-0097,57.107.72.174
234,Hortensia,Benian,Female,hbenian6h@dmoz.org,Texas,US,758-188-8638,235.96.81.43
235,Traver,Karslake,Female,tkarslake6i@google.cn,New York,US,512-727-6290,168.84.229.213
236,Gaylor,Crippin,Male,gcrippin6j@jugem.jp,Ohio,US,476-827-1166,154.43.233.187
237,Wallas,Lattin,Male,wlattin6k@reverbnation.com,Virginia,US,656-261-4307,69.156.140.52
238,Geralda,Ojeda,Male,goldacres6l@rediff.com,Virginia,US,347-152-6963,219.97.245.117
239,Victoir,Keemar,Male,vkilmaster6m@sakura.ne.jp,New York,US,267-630-2016,167.40.189.45
240,Claudianus,Borres,Male,cborres6n@yahoo.co.jp,Washington,US,344-930-3669,16.129.236.37
241,Suellen,Dracksford,Female,sdracksford6o@pbs.org,Ohio,US,460-750-0276,239.161.223.130
242,Christophe,Stockill,Male,cstockill6p@china.com.cn,Kentucky,US,563-714-9947,29.228.37.233
243,Hobey,Hawkslee,Male,hhayhurst6q@hexun.com,New York,US,644-995-8079,117.187.248.143
244,Nappy,Kapelhof,Female,nkapelhof6r@godaddy.com,New York,US,324-932-2553,205.230.44.44
245,Stinky,Brislen,Male,sbrixham6s@dmoz.org,Washington,US,929-670-1989,159.106.115.98
246,Crysta,Caston,Male,ccaston6t@comcast.net,Ohio,US,445-924-9232,97.184.66.51
247,Victoir,Tilliard,Female,vtilliard6u@etsy.com,Kentucky,US,533-915-9272,61.254.244.176
248,Sam,Schimonek,Male,sscone6v@mit.edu,Kentucky,US,435-962-6124,127.158.155.27
249,Dalt,Le Quesne,Male,dlias6w@drupal.org,Virginia,US,253-204-6293,103.186.31.19
250,Christiana,Goodey,Female,cgothup6x@gov.uk,Connecticut,US,647-602-4539,225.15.186.24
251,Reyna,Chalcraft,Male,rclayborn6y@deliciousdays.com,Ohio,US,954-682-1091,209.255.88.64
252,Wanda,W,Female,wwroath@yahoo.co.uk,Illinois,US,945-987-8057,54.222.184.173
253,Kattie,Straun,Female,kstraun70@godaddy.com,Kentucky,US,732-333-1685,242.70.240.186
254,Willette,Crease,Female,wcrease71@fc2.com,Ohio,US,753-352-9991,143.30.217.105
255,Henriette,Winscom,Male,hwinscom72@who.int,Illinois,US,161-247-8265,159.20.53.181
256,Sharline,Cordelette,Male,scordelette73@de.vu,Ohio,US,772-427-2592,140.186.183.65
257,Deb,Batters,Male,dbatters74@pbs.org,Texas,US,985-534-0643,61.189.227.97
258,Lilia,Applegarth,Female,larchbald75@freewebs.com,Nevada,US,992-423-6987,199.231.127.16
259,Melitta,Swane,Female,mszymanzyk76@unicef.org,Kentucky,US,590-501-5391,247.145.254.233
260,Tudor,Swane,Female,ttaylerson77@godaddy.com,Kentucky,US,607-955-1880,247.145.254.236
261,Max,Francescone,Male,mgable6b@feedburner.com,Connecticut,US,506-236-3932,75.111.106.145
262,Joletta,Murrthum,Male,jmurrthum79@bloglovin.com,Virginia,US,380-315-9278,211.8.44.157
263,Robenia,Gebbie,Female,rgebbie7a@ovh.net,Connecticut,US,664-844-7134,81.79.52.51
264,Jae,Garnall,Male,jgarnall7b@e-recht24.de,Connecticut,US,972-368-4106,71.99.42.233
265,Aveline,Cattanach,Female,acattanach7c@squarespace.com,Ohio,US,265-927-6836,14.79.95.223
266,Maurizio,Duffitt,Male,mduffitt7d@hp.com,Ohio,US,493-157-0375,139.227.176.100
267,Mayer,Conybear,Female,mcoopland7e@uol.com.br,Ohio,US,583-937-4316,12.21.98.210
268,Tammara,Sowley,Female,tsowley7f@1688.com,Kentucky,US,167-293-1642,163.107.178.72
269,Hussein,Dalliwater,Female,hdanielovitch@gmail.com,Ohio,US,780-206-6658,140.53.226.88
270,Eveleen,Saberton,Male,esaberton7h@auda.org.au,Kentucky,US,336-939-8881,22.236.156.7
271,Roddie,Vaux,Female,rvaux7i@fotki.com,Illinois,US,349-848-4735,170.71.186.139
272,Garner,Pavia,Female,gpavia7j@4shared.com,Virginia,US,435-585-3526,185.50.75.186
273,Iggy,Hartley,Female,ihartley7k@irs.gov,New York,US,386-998-0825,153.142.165.64
274,Thedrick,Dwine,Male,tdwine7l@ibm.com,Ohio,US,963-674-8637,107.36.53.169
275,Burk,Kleiser,Male,bkleiser7m@usnews.com,New York,US,972-511-5399,239.250.253.221
276,Demetris,Bolles,Male,dbolles7n@yellowbook.com,Washington,US,187-713-0496,22.231.125.34
277,Arleyne,Applegarth,Male,aarkil7o@irs.gov,Nevada,US,974-612-4743,199.231.127.16
278,Randy,Camelia,Male,rcamelia7p@psu.edu,Ohio,US,630-887-7856,123.59.244.205
279,Phineas,Dinning,Female,pdinning7q@hubpages.com,Ohio,US,150-387-6787,255.225.99.189
280,Culver,Le Quesne,Male,clever7r@google.com.br,Virginia,US,229-356-6500,103.186.31.19
281,Willard,Tuxwell,Male,wtuxwell7s@privacy.gov.au,Illinois,US,876-401-4603,118.115.25.127
282,Jorrie,Lorenzo,Male,jlorenzo7t@stanford.edu,Virginia,US,302-303-2614,139.38.76.174
283,Dany,Pinnigar,Female,dpoulson6g@columbia.edu,California,US,638-194-0097,57.107.72.171
284,Meryl,Boncore,Male,mboncore7v@networksolutions.com,Washington,US,238-645-7096,51.47.122.180
285,Gabrila,Winthrop,Male,gwinthrop7w@bravesites.com,Illinois,US,136-471-0971,215.150.219.96
286,Alicea,Empson,Male,aempson7x@shareasale.com,Ohio,US,972-443-9553,253.75.193.81
287,Lesli,MacRorie,Female,lmacrorie7y@parallels.com,Virginia,US,971-109-4564,70.53.101.46
288,Riki,Prujean,Female,rprujean7z@ifeng.com,California,US,245-877-7738,82.94.187.236
289,Cly,Benian,Female,cbergeau80@alibaba.com,Texas,US,879-315-4072,120.81.160.131
290,Cara,Bangley,Male,cbangley81@alexa.com,Texas,US,782-102-4436,50.186.166.29
291,Zena,Lyokhin,Male,zmacdonagh82@imgur.com,Virginia,US,921-602-6175,209.186.131.167
292,Sarah,Penzer,Male,spenzer83@gnu.org,California,US,713-163-2329,151.196.228.163
293,Lezley,Wakeling,Female,lwakeling84@berkeley.edu,Illinois,US,150-948-2117,159.20.53.178
294,Jen,Canacott,Male,jcanacott85@unc.edu,Ohio,US,229-875-1724,40.112.124.94
295,Huey,Ferneyhough,Female,hferneyhough86@nih.gov,Connecticut,US,859-272-4835,181.20.168.229
296,Wanda,Wroath,Female,wyushachkov8y@ebay.co.uk,Illinois,US,858-980-1252,54.222.184.173
297,Bridgette,Ferney,Female,bferney88@freewebs.com,Connecticut,US,580-490-9866,213.71.217.250
298,Lesly,MacRorie,Female,lmacrorie7y@parallels.com,Virginia,US,971-109-4564,149.178.224.218
299,Rob,Heintzsch,Male,rheintzsch8a@liveinternet.ru,New York,US,289-165-4439,118.233.94.72
300,Nealy,Patington,Female,npatington8b@howstuffworks.com,Virginia,US,316-902-6576,99.194.71.32
301,Ora,Finnimore,Male,ofinnimore8c@harvard.edu,Connecticut,US,233-516-7471,59.74.111.105
302,Mandy,Lillo,Male,mlillo8d@illinois.edu,Virginia,US,920-347-9578,59.140.115.117
303,Hilda,Sutliff,Female,hsutliff8e@bbc.co.uk,Kentucky,US,434-315-5825,43.225.45.58
304,Brana,Cordeau,Male,bcordeau8f@wikipedia.org,Ohio,US,267-606-2894,246.51.2.226
305,Garfield,Swane,Female,gswane8g@constantcontact.com,Kentucky,US,122-947-6219,247.145.254.230
306,Nikki,Chalcraft,Female,nchampe8h@google.com.br,Ohio,US,290-811-1308,51.49.92.51
307,Carroll,Bragge,Male,cbragge8i@feedburner.com,Washington,US,511-867-6376,230.198.93.117
308,Arnoldo,Bugdell,Male,abugdell8j@google.pl,Ohio,US,191-496-4414,210.97.236.113
309,Janina,Keemar,Male,jkinnoch8k@squarespace.com,New York,US,359-332-2812,35.143.160.115
310,Butch,Wakeling,Male,bwessel8l@netlog.com,Illinois,US,813-905-8423,159.20.53.178
311,Gaye,Brislen,Male,gbrislen8m@businessweek.com,Washington,US,780-984-5320,159.106.115.98
312,Rogers,Cutteridge,Male,rcutteridge8n@jugem.jp,Ohio,US,766-804-5372,102.246.107.50
313,Sarena,Rigmand,Female,srozzell8o@skype.com,Kentucky,US,427-438-7862,46.117.18.181
314,Amerigo,Canton,Male,acapper8p@cbsnews.com,Ohio,US,466-572-1239,97.184.66.51
315,Linette,Duferie,Female,lduferie8q@artisteer.com,Ohio,US,192-864-1093,125.186.228.247
316,Inesita,Jelkes,Male,ijelkes8r@google.cn,New York,US,733-356-3823,144.126.38.57
317,Konstanze,Absolem,Male,kabsolem8s@360.cn,New Jersey,US,736-559-9820,133.198.156.5
318,Floris,Wagon,Female,fwagon8t@surveymonkey.com,Illinois,US,189-537-3359,35.234.15.97
319,Aeriel,Kleiser,Female,alangeley8u@ted.com,New York,US,732-539-9226,232.222.5.100
320,Erie,Sturch,Female,esturch8v@java.com,Kentucky,US,511-426-4760,55.195.36.214
321,Kassia,Noddles,Female,knoddles8w@loc.gov,Virginia,US,857-916-5968,3.184.36.144
322,Fairlie,MacRorie,Female,fmarquet8x@wunderground.com,Virginia,US,384-704-4971,149.178.224.218
323,Wenda,Wroath,Female,wyushachkov8y@ebay.co.uk,Illinois,US,858-980-1252,54.222.184.173
324,Port,Prozescky,Male,pprozescky8z@google.ca,California,US,467-803-7716,143.112.72.245
325,Mariya,Vasquez,Female,mvasquez90@wp.com,Illinois,US,481-767-7172,27.245.180.185
326,Burker,Kleiser,Male,bkleiser7m@foxmail.com,New York,US,972-511-5399,196.204.98.140
327,Ed,Grombridge,Male,cgrombridge92@miibeian.gov.cn,New York,US,403-342-5761,239.56.155.50
328,Aliza,Sawle,Male,asawle93@ted.com,Kentucky,US,286-815-9421,51.133.239.110
329,Ramonda,Keemar,Female,rkilby94@apple.com,New York,US,988-437-6443,167.40.189.45
330,Arlyne,Applegarth,Male,darnau95@ovh.net,Nevada,US,763-612-2703,199.231.127.16
331,Morgan,Mongenot,Female,mmonnery96@ustream.tv,Virginia,US,986-857-0901,210.193.25.56
332,Bartholomew,Abramowitch,Male,babramowitch97@about.com,New Jersey,US,731-287-3887,243.162.50.43
333,Nellie,Goodey,Female,ngoodey98@biglobe.ne.jp,Connecticut,US,756-617-5472,109.106.229.8
334,Brennan,Le Quesne,Male,bley99@rakuten.co.jp,Virginia,US,926-627-1514,103.186.31.19
335,Jens,Tolputt,Female,jtolputt9a@ebay.co.uk,Kentucky,US,343-913-8811,91.140.64.154
336,Clarke,Bachs,Female,cbachs9b@issuu.com,Texas,US,373-858-6591,199.231.127.19
337,Caresse,Cowl,Female,ccowl9c@livejournal.com,Ohio,US,175-798-9534,66.220.201.24
338,Ilka,Clooney,Female,iclooney9d@google.com.br,Ohio,US,709-171-8343,193.108.79.224
339,Emmalynn,Schimonek,Male,eseine9e@cpanel.net,Kentucky,US,112-137-0312,76.129.22.4
340,Randell,De Mars,Male,rdecourcy9f@abc.net.au,Ohio,US,575-787-2163,15.250.123.170
341,Heall,Follin,Female,hfollin9g@mozilla.org,Connecticut,US,606-771-3806,139.104.147.25
342,Nell,Ojeda,Male,nongin9h@blinklist.com,Virginia,US,642-310-6315,219.97.245.118
343,Rowney,De Mars,Female,rdibner9i@nytimes.com,Ohio,US,873-384-3129,35.42.26.101
344,Waverly,Hookes,Female,whookes9j@slate.com,New York,US,221-254-0599,16.72.118.206
345,Uta,Kleiser,Male,ukyncl9k@histats.com,New York,US,765-793-5778,196.204.98.140
346,Euell,Hillborne,Male,ehillborne9l@google.de,New York,US,854-914-8139,61.82.229.230
347,Jewel,Conybear,Male,jcoopper9m@parallels.com,Ohio,US,477-708-3378,12.21.98.210
348,Dayle,Curness,Male,dcurness9n@usgs.gov,Ohio,US,273-966-4623,223.113.137.31
349,Claretta,Curgenuer,Male,ccurgenuer9o@pbs.org,Ohio,US,948-428-6389,150.84.38.35
350,Maryann,Lyokhin,Male,mlyokhin9p@wsj.com,Virginia,US,477-647-8721,209.186.131.167
351,Nickolas,Tidder,Female,ntidder9q@blogger.com,Kentucky,US,842-619-5636,12.107.241.65
352,Cam,Wakeling,Male,cwhitton9r@moonfruit.com,Illinois,US,865-220-6285,159.20.53.178
353,Clarissa,Nixon,Male,cnixon9s@rakuten.co.jp,Virginia,US,552-723-8465,176.232.201.41
354,Humfrid,Bransden,Male,hbransden9t@latimes.com,Washington,US,178-818-3675,224.66.87.17
355,Goober,Gilderoy,Female,ggiorgetti9u@examiner.com,Connecticut,US,517-556-6794,165.95.27.225
356,Lexy,Canton,Male,lcarmo9v@seattletimes.com,Ohio,US,694-555-9578,97.184.66.51
357,Berk,Mauser,Female,bmauser9w@tripadvisor.com,Virginia,US,217-789-6952,5.236.37.137
358,Sylas,Ranscome,Female,sranscome9x@princeton.edu,California,US,192-383-1761,184.104.138.128
359,Kally,Shafier,Female,kshafier9y@paginegialle.it,Kentucky,US,737-953-0073,161.90.182.24
360,Nanice,Borres,Female,nbosward9z@washingtonpost.com,Washington,US,986-489-5209,16.129.236.37
361,Heida,Garnsey,Female,hgassona0@admin.ch,Connecticut,US,367-342-2014,212.228.171.86
362,Germaine,Sellek,Female,gselleka1@reverbnation.com,Kentucky,US,704-744-0287,65.176.36.116
363,Devonne,Imesson,Female,ajanoucha2@a8.net,New York,US,482-966-2346,18.183.148.107
364,Christalle,Hallows,Female,challowsa3@nydailynews.com,New York,US,801-289-9473,247.225.91.175
365,Nik,Chalcraft,Female,nchampe8h@google.com.br,Ohio,US,290-811-1308,48.102.29.192
366,Lisha,Goundrill,Male,lgoundrilla5@reverbnation.com,New York,US,367-525-1637,18.220.87.254
367,Marie-ann,Swane,Male,mtappingtona6@amazon.de,Kentucky,US,433-772-6058,247.145.254.235
368,Jilli,Tregunna,Female,jtregunnaa7@epa.gov,Kentucky,US,121-583-9666,119.230.186.242
369,Raye,Grier,Male,rgriera8@ox.ac.uk,New York,US,991-785-7581,170.116.107.124
370,Vilma,Obee,Female,vobeea9@xrea.com,Virginia,US,999-620-3381,51.134.183.164
371,Tann,MacFaul,Female,tmacfaulaa@eepurl.com,Virginia,US,130-898-1523,46.42.100.47
372,Rufus,Gavagan,Male,rgavaganab@salon.com,Connecticut,US,385-537-8760,85.135.198.202
373,Clarabelle,Sarah,Female,csarahac@trellian.com,Kentucky,US,429-549-0461,47.43.149.67
374,Belinda,Allaker,Male,ballakerad@a8.net,New Jersey,US,917-341-5143,133.198.156.7
375,Alexi,Dalliwater,Male,adalliwaterae@comcast.net,Ohio,US,850-705-9065,140.53.226.88
376,Maddi,Fewster,Female,mfewsteraf@moonfruit.com,Connecticut,US,543-838-5886,115.104.22.32
377,Isacco,Blewett,Female,iblumireag@eventbrite.com,Washington,US,826-497-4699,2.238.236.188
378,Nichole,Dalligan,Male,ndalliganah@omniture.com,Ohio,US,205-163-6098,47.117.255.8
379,Ewart,Neem,Male,eneemai@psu.edu,Virginia,US,457-929-9310,175.180.24.169
380,Brigitte,Dorrian,Female,bdorrianaj@ifeng.com,Ohio,US,608-591-6633,190.186.164.174
381,Myron,Mitrikhin,Female,mmitrikhinak@theatlantic.com,Virginia,US,818-778-5243,17.170.153.152
382,Anders,Batram,Female,abatramal@so-net.ne.jp,Texas,US,564-362-5856,133.214.233.6
383,Clive,Steutly,Male,csteutlyam@wiley.com,Kentucky,US,510-909-7245,139.22.164.10
384,Sada,Boyington,Female,sboyingtonan@omniture.com,Washington,US,671-687-7405,160.227.125.239
385,Avrit,Pinnigar,Male,apitsallao@sina.com.cn,California,US,867-449-7107,57.107.72.172
386,Ingelbert,Altamirano,Female,ialtamiranoap@addtoany.com,Nevada,US,650-783-6011,199.44.52.5
387,Temple,Combes,Male,tcombesaq@artisteer.com,Ohio,US,678-210-7363,43.205.223.143
388,Martha,Riedel,Male,mriedelar@comcast.net,California,US,738-136-9620,70.225.22.106
389,Caty,Butterfill,Male,ccallfas@mapquest.com,Ohio,US,139-952-1232,72.148.188.249
390,Kaylee,Augustin,Male,kaugustinat@histats.com,Nevada,US,997-371-8134,199.231.127.17
391,Guinevere,Venturoli,Female,gventuroliau@delicious.com,Illinois,US,368-118-5410,102.114.141.131
392,Harley,Medley,Female,hmedleyav@pbs.org,Virginia,US,357-712-1666,134.115.144.183
393,Penelopa,MacRorie,Male,pmalkieaw@google.ru,Virginia,US,251-214-3109,149.178.224.218
394,Claudette,Gard,Male,cgardax@accuweather.com,Connecticut,US,577-897-5741,83.18.132.84
395,Cam,Rahl,Male,crahlay@google.ru,California,US,952-286-2707,38.222.123.237
396,Jsandye,Pedrocco,Male,jpelleraz@princeton.edu,Virginia,US,196-268-1081,5.46.227.168
397,Meris,Hursthouse,Male,mhursthouseb0@spotify.com,New York,US,619-306-3676,245.131.95.53
398,Amie,Ojeda,Male,aojedab1@pcworld.com,Virginia,US,204-775-0559,219.97.245.116
399,Bruno,Mattersley,Male,bmattersleyb2@list-manage.com,Virginia,US,475-277-2502,134.159.60.252
400,Terrell,Gredden,Female,tgreddenb3@vk.com,New York,US,625-402-6176,52.89.186.25
401,Aubry,Chalcraft,Female,achmarnyb4@netvibes.com,Ohio,US,988-573-5859,51.49.92.51
402,Danyette,McIntosh,Male,dmcintoshb5@ebay.com,Virginia,US,444-577-8373,144.144.252.18
403,Deeann,Benediktovich,Female,dbenediktovichb6@etsy.com,Texas,US,191-257-1129,139.207.222.39
404,Melany,Sowley,Female,mspiterib7@shinystat.com,Kentucky,US,227-656-8103,163.107.178.72
405,Colby,Linnit,Male,clinnitb8@businessinsider.com,Virginia,US,957-657-8278,111.179.219.216
406,Billie,Duckfield,Female,bduckfieldb9@yale.edu,Ohio,US,202-489-5371,53.38.208.167
407,Cacilie,Nicklin,Male,cnicklinba@google.ru,Virginia,US,411-690-9362,161.216.175.170
408,Norrie,Cullimore,Male,ncullimorebb@ft.com,Ohio,US,879-181-8044,57.158.167.199
409,Maudie,Houlton,Male,mhoultonbc@vkontakte.ru,New York,US,507-980-8774,60.19.82.243
410,Brenda,Applegarth,Female,barrellbd@kickstarter.com,Nevada,US,183-831-4119,199.231.127.16
411,Nolly,Giberd,Male,ngiberdbe@istockphoto.com,Connecticut,US,446-153-5887,216.39.63.193
412,Cal,Dowman,Female,cdowmanbf@addtoany.com,Ohio,US,204-300-1614,29.62.83.162
413,Orville,Ojeda,Male,oorrettbg@trellian.com,Virginia,US,157-439-5356,246.88.70.229
414,Lynnelle,Minkin,Male,lminkinbh@w3.org,Virginia,US,411-491-6931,46.134.111.157
415,Kayne,Buncombe,Female,kbuncombebi@deliciousdays.com,Ohio,US,598-524-0481,208.54.37.58
416,Brit,Goater,Female,bgoaterbj@hexun.com,Connecticut,US,420-966-2374,239.234.28.225
417,Maxy,F,Male,mgable@gmail.com,Connecticut,US,110-960-3685,55.238.98.193
418,Lombard,Maycey,Male,lmccorkellbl@typepad.com,Virginia,US,209-955-7393,29.221.147.17
419,Rozanna,Pedrocco,Female,rpelferbm@taobao.com,Virginia,US,350-165-7463,5.46.227.167
420,Nelly,Goodey,Female,ngoodey98@biglobe.ne.jp,Connecticut,US,756-617-5472,225.15.186.24
421,Forrester,Borres,Male,fbossonbo@google.de,Washington,US,114-383-3778,16.129.236.37
422,Sianna,Durrand,Male,sdurrandbp@paypal.com,Ohio,US,339-793-8603,251.142.118.162
423,Cally,Pavolini,Male,cpavolinibq@webnode.com,Virginia,US,668-840-4813,7.240.64.243
424,Mireille,Crippin,Male,mculbertbr@livejournal.com,Ohio,US,359-332-3816,154.43.233.187
425,Tremaine,Golsworthy,Male,tgolsworthybs@webmd.com,Connecticut,US,952-216-4963,52.22.126.222
426,Titos,Drohan,Male,tdrohanbt@dailymail.co.uk,Ohio,US,873-787-8326,213.160.218.150
427,Auroora,Brownstein,Male,abuchebu@canalblog.com,Washington,US,623-586-3742,193.127.239.19
428,Luce,Elph,Female,lelphbv@ucla.edu,Ohio,US,718-279-7269,163.240.1.131
429,Leigh,Dahlbom,Female,ldahlbombw@delicious.com,Ohio,US,595-551-2408,107.24.134.147
430,Kennie,Grombridge,Female,kguillermanbx@odnoklassniki.ru,New York,US,767-786-4196,239.56.155.50
431,Dollie,Bunce,Female,dbunceby@sourceforge.net,Ohio,US,846-229-4761,194.146.110.144
432,Kenny,Pedrocco,Female,kpedroccobz@goo.ne.jp,Virginia,US,100-278-4292,5.46.227.166
433,Ezekiel,Mongenot,Male,emorlandc0@rakuten.co.jp,Virginia,US,128-158-3534,210.193.25.57
434,Bartram,Molian,Female,bmolianc1@naver.com,Virginia,US,692-745-4678,160.221.247.103
435,Robina,Tilley,Male,rtilleyc2@google.com.hk,Kentucky,US,330-700-0299,207.120.219.147
436,Porty,Schimonek,Male,pseargeantc3@miitbeian.gov.cn,Kentucky,US,334-677-6513,76.129.22.3
437,Tatiana,Davydochkin,Female,tdavydochkinc4@sphinn.com,Ohio,US,901-795-6182,19.166.185.18
438,Aurora,Broadis,Male,abroadisc5@cloudflare.com,Washington,US,629-579-0610,189.204.241.176
439,Kippy,Butterfill,Male,kcaineyc6@cornell.edu,Ohio,US,431-382-9094,72.148.188.249
440,Korrie,MacPike,Male,kmacpikec7@baidu.com,Virginia,US,133-769-2889,124.55.252.134
441,Adena,Chalcraft,Female,acheeversc8@google.it,Ohio,US,664-353-6698,51.49.92.51
442,Emlynn,Le Quesne,Male,elequesnec9@spiegel.de,Virginia,US,861-871-6136,44.48.215.97
443,Kristian,Twaits,Female,ktwaitsca@moonfruit.com,Illinois,US,504-920-4941,157.24.19.147
444,Erna,Simonou,Male,esirlcb@psu.edu,Kentucky,US,341-570-4729,98.198.208.17
445,Krissie,Dykins,Male,kdykinscc@exblog.jp,Ohio,US,159-289-4996,101.7.179.250
446,Evey,Johananoff,Male,ejohananoffcd@utexas.edu,New York,US,280-638-7004,2.220.197.235
447,Dru,Benian,Male,dberensce@cdbaby.com,Texas,US,387-508-1932,235.96.81.43
448,Keelia,Skillen,Female,kskillencf@imageshack.us,Kentucky,US,972-706-3213,204.14.20.208
449,Henrie,Rigmand,Female,hrymmercg@cam.ac.uk,Kentucky,US,246-729-4384,46.117.18.182
450,Paulie,Imesson,Female,pimessonch@issuu.com,New York,US,398-857-4077,78.31.18.175
451,Sybil,De Mars,Female,sdericotci@blog.com,Ohio,US,216-843-4955,35.42.26.101
452,Heloise,Reynish,Male,hreynishcj@apple.com,California,US,861-566-5811,54.119.148.191
453,Bridgette,Ferrolli,Male,bferrollick@huffingtonpost.com,Connecticut,US,970-389-9448,83.195.39.63
454,Debbie,Eshelby,Male,deshelbycl@chicagotribune.com,Ohio,US,367-449-7006,218.140.2.235
455,Suellen,Grombridge,Female,shaberfieldcm@msn.com,New York,US,899-559-8683,70.93.192.173
456,Hakeem,Allom,Female,hallomcn@npr.org,Nevada,US,552-215-9926,72.160.1.127
457,Caraa,Bangley,Male,cbangley81@alexa.com,Texas,US,782-102-4436,50.186.166.29
458,Rawley,Fackney,Male,rfeechumcp@scribd.com,Connecticut,US,309-720-2150,192.54.162.135
459,Orville,Mattei,Female,omatteicq@ucla.edu,Virginia,US,798-520-0795,162.247.81.177
460,Towney,Hartin,Female,thartincr@cam.ac.uk,New York,US,669-405-5270,10.93.212.228
461,Loydie,Regis,Male,lregiscs@twitter.com,California,US,262-201-6063,74.134.98.1
462,Christoffer,Wisson,Female,cwissonct@canalblog.com,Illinois,US,941-774-4589,215.150.219.98
463,June,Gilderoy,Male,jgilderoycu@toplist.cz,Connecticut,US,332-452-7916,165.95.27.225
464,Gerri,Bangley,Female,gbartelscv@opera.com,Texas,US,927-302-7133,50.186.166.29
465,Penie,Allmen,Female,palldre5g@onet.net,Nevada,US,552-215-9926,195.188.43.182
466,Querida,Sowley,Female,qspaulecx@arstechnica.com,Kentucky,US,169-226-9255,163.107.178.72
467,Lannie,Geharke,Male,lgeharkecy@toplist.cz,Connecticut,US,455-133-9362,74.88.133.133
468,Cece,Brownstein,Female,cbrungercz@bbc.co.uk,Washington,US,980-943-6428,193.127.239.19
469,Maxine,Clousley,Male,mclousleyd0@studiopress.com,Ohio,US,498-149-6950,195.119.94.96
470,Stavros,Lukasen,Male,slukasend1@tuttocitta.it,Virginia,US,930-468-4755,17.167.14.21
471,Benn,Elloit,Female,belloitd2@live.com,Ohio,US,594-986-9175,178.226.241.163
472,Wesley,Pinnigar,Female,wpriddied3@spotify.com,California,US,622-360-9755,57.107.72.175
473,Sanderson,Harrop,Male,sharropd4@scribd.com,New York,US,537-954-5823,130.176.107.108
474,Carolin,Rigmand,Female,crotheryd5@weibo.com,Kentucky,US,135-199-4176,46.117.18.179
475,Tadeo,Schimonek,Female,tschimonekd6@goodreads.com,Kentucky,US,839-535-2933,127.158.155.25
476,Starr,Touhig,Female,stouhigd7@nyu.edu,Kentucky,US,135-769-0669,206.133.115.142
477,Emanuel,Brislen,Female,ebrittind8@bandcamp.com,Washington,US,255-591-4042,159.106.115.98
478,Deeann,Zmitrovich,Male,dzmitrovichd9@networksolutions.com,Illinois,US,409-192-5435,54.222.184.174
479,Valma,Imesson,Male,viskowitzda@answers.com,New York,US,901-141-7510,67.204.43.20
480,Weidar,Longhorne,Male,wlonghornedb@microsoft.com,Virginia,US,728-626-3483,77.241.49.248
481,Cy,Mackrell,Male,cmackrelldc@icq.com,Virginia,US,392-336-9709,216.134.31.100
482,Chandal,Purser,Female,cpurserdd@fema.gov,California,US,768-158-1624,51.183.18.61
483,Forrest,Pfeffel,Male,fpfeffelde@shutterfly.com,California,US,816-969-3115,118.249.243.177
484,Tasia,Keemar,Male,tkinkerdf@ucla.edu,New York,US,928-440-4781,35.143.160.115
485,Agretha,Thompson,Female,athompsondg@fastcompany.com,Kentucky,US,964-845-4591,12.106.164.42
486,Jackqueline,Semmence,Female,jsemmencedh@yelp.com,Kentucky,US,719-987-0943,250.96.187.83
487,Raddie,Stede,Female,rstededi@berkeley.edu,Kentucky,US,614-140-4698,163.32.64.29
488,Laurella,Bangley,Male,lbarthramdj@posterous.com,Texas,US,404-735-4717,50.186.166.29
489,Bastien,Graves,Female,bgravesdk@seattletimes.com,New York,US,933-477-5642,73.6.207.48
490,Esta,Pinnigar,Male,epostindl@woothemes.com,California,US,534-561-8434,57.107.72.173
491,Ichabod,Goodey,Male,igoodhalldm@wordpress.org,Connecticut,US,110-290-9180,225.15.186.24
492,Maurine,Mesant,Male,mmesantdn@merriam-webster.com,Virginia,US,208-692-5495,108.115.7.244
493,Ric,Corbitt,Male,rcorbittdo@loc.gov,Ohio,US,950-795-7850,27.112.158.249
494,Olivie,Hovard,Female,ohovarddp@google.cn,New York,US,982-851-4396,243.40.71.93
495,Amalita,Kalb,Male,akalbdq@loc.gov,New York,US,689-814-5399,20.150.212.216
496,Silas,Dalliwater,Female,sdarwendr@infoseek.co.jp,Ohio,US,720-245-0474,86.37.244.208
497,Stevie,Bowler,Female,sbowlerds@youtu.be,Washington,US,723-252-7300,16.129.236.37
498,Hyacintha,Cranmer,Male,hcranmerdt@i2i.jp,Ohio,US,930-663-1738,137.249.180.151
499,Christie,Simonou,Female,cskepperdu@typepad.com,Kentucky,US,833-969-4798,98.198.208.18
500,Tilly,Basnett,Male,tbasnettdv@ning.com,Texas,US,279-161-3554,63.129.84.25